{
  "template": {
    "screen_name": "option_picker",
    "windowed_canvas": true,
    "cache_canvases": true,
    "background": {
      "layers": [
        { "image_path": "assets/optiondialog/option_dialog_bg_windowed_red.png", "x": 18, "y": 12 }
      ]
    },
    "pages": [
      {
        "menu_items": [
          {
            "id": "Slot0",
            "layers": [
              { "variable_name": "$_LIST_ITEM", "x": 145, "y": 70, "use_template": "option_dialog_string" },
              { "variable_name": "$_LIST_ITEM", "x": 111, "y": 72, "use_template": "radio" },
              { "image_path": "assets/payloadlog/scroll_up_indicator.png", "x": 82, "y": 70, "recolor_palette": "medium_gray" }
            ],
            "selected_layers": [
              { "variable_name": "$_LIST_ITEM", "x": 145, "y": 70, "use_template": "option_dialog_string_selected" },
              { "variable_name": "$_LIST_ITEM", "x": 111, "y": 72, "use_template": "selected_radio" },
              { "image_path": "assets/payloadlog/scroll_up_indicator.png", "x": 82, "y": 70, "recolor_palette": "medium_gray" }
            ],
            "target": "select",
            "button_map": {
              "a": "select",
              "b": "back",
              "up": "previous",
              "down": "next",
              "left": "noop",
              "right": "select_menu"
            }
          },
          {
            "id": "Slot1",
            "layers": [
              { "variable_name": "$_LIST_ITEM", "x": 145, "y": 100, "use_template": "option_dialog_string" },
              { "variable_name": "$_LIST_ITEM", "x": 111, "y": 102, "use_template": "radio" }
            ],
            "selected_layers": [
              { "variable_name": "$_LIST_ITEM", "x": 145, "y": 100, "use_template": "option_dialog_string_selected" },
              { "variable_name": "$_LIST_ITEM", "x": 111, "y": 102, "use_template": "selected_radio" }
            ],
            "target": "select",
            "button_map": {
              "a": "select",
              "b": "back",
              "up": "previous",
              "down": "next",
              "left": "noop",
              "right": "select_menu"
            }
          },
          {
            "id": "Slot2",
            "layers": [
              { "variable_name": "$_LIST_ITEM", "x": 145, "y": 130, "use_template": "option_dialog_string" },
              { "variable_name": "$_LIST_ITEM", "x": 111, "y": 132, "use_template": "radio" }
            ],
            "selected_layers": [
              { "variable_name": "$_LIST_ITEM", "x": 145, "y": 130, "use_template": "option_dialog_string_selected" },
              { "variable_name": "$_LIST_ITEM", "x": 111, "y": 132, "use_template": "selected_radio" }
            ],
            "target": "select",
            "button_map": {
              "a": "select",
              "b": "back",
              "up": "previous",
              "down": "next",
              "left": "noop",
              "right": "select_menu"
            }
          },
          {
            "id": "Slot3",
            "layers": [
              { "variable_name": "$_LIST_ITEM", "x": 145, "y": 160, "use_template": "option_dialog_string" },
              { "variable_name": "$_LIST_ITEM", "x": 111, "y": 162, "use_template": "radio" },
              { "image_path": "assets/payloadlog/scroll_down_indicator.png", "x": 82, "y": 175, "recolor_palette": "medium_gray" }
            ],
            "selected_layers": [
              { "variable_name": "$_LIST_ITEM", "x": 145, "y": 160, "use_template": "option_dialog_string_selected" },
              { "variable_name": "$_LIST_ITEM", "x": 111, "y": 162, "use_template": "selected_radio" },
              { "image_path": "assets/payloadlog/scroll_down_indicator.png", "x": 82, "y": 175, "recolor_palette": "medium_gray" }
            ],
            "target": "select",
            "button_map": {
              "a": "select",
              "b": "back",
              "up": "previous",
              "down": "next",
              "left": "noop",
              "right": "select_menu"
            }
          }
        ]
      }
    ]
  },
  "save_cancel_menu": {
    "screen_name": "option_picker",
    "background": {
      "layers": []
    },
    "pages": [
      {
        "menu_items": [
          {
            "id": "Save",
            "layers": [
              { "image_path": "assets/optiondialog/button_bg.png", "x": 361, "y": 36 },
              { "image_path": "assets/optiondialog/button_outline.png", "x": 361, "y": 36 },
              { "image_path": "assets/optiondialog/check.png", "x": 378, "y": 62 },
              { "_comment": "this is just a required cache busting hack", "variable_name": "$_LIST_ITEM" }
            ],
            "selected_layers": [
              { "image_path": "assets/optiondialog/button_bg.png", "x": 361, "y": 36, "recolor_palette": "green" },
              { "image_path": "assets/optiondialog/button_outline.png", "x": 361, "y": 36, "recolor_palette": "black" },
              { "image_path": "assets/optiondialog/check.png", "x": 378, "y": 62, "recolor_palette": "black" },
              { "_comment": "this is just a required cache busting hack", "variable": "$_LIST_ITEM" }
            ],
            "target": "save",
            "button_map": {
              "a": "select",
              "b": "select_list",
              "up": "previous",
              "down": "next",
              "left": "select_list",
              "right": "noop"
            }
          },
          {
            "id": "Cancel",
            "layers": [
              { "image_path": "assets/optiondialog/button_bg.png", "x": 361, "y": 118 },
              { "image_path": "assets/optiondialog/button_outline.png", "x": 361, "y": 118 },
              { "image_path": "assets/optiondialog/x.png", "x": 383, "y": 146 },
              { "_comment": "this is just a required cache busting hack", "variable": "$_LIST_ITEM" }
            ],
            "selected_layers": [
              { "image_path": "assets/optiondialog/button_bg.png", "x": 361, "y": 118, "recolor_palette": "red" },
              { "image_path": "assets/optiondialog/button_outline.png", "x": 361, "y": 118, "recolor_palette": "black" },
              { "image_path": "assets/optiondialog/x.png", "x": 383, "y": 146, "recolor_palette": "black" },
              { "_comment": "this is just a required cache busting hack", "variable": "$_LIST_ITEM" }
            ],
            "target": "back",
            "button_map": {
              "a": "select",
              "b": "select_list",
              "up": "previous",
              "down": "next",
              "left": "select_list",
              "right": "noop"
            }
          },
          {
            "id": "Title",
            "unselectable": true,
            "layers": [
              {
                "variable_name": "$_INPUT_NAME",
                "x": 75,
                "y": 30,
                "use_template": "string_title"
              }
            ]
          }
        ]
      }
    ]
  }
}