{
  "background": {
    "cache_canvases": false,
    "layers": [],
    "background_color": { "r": 0, "g": 0, "b": 0 }
  },
  "status_bar_items": {
    "Time": {
      "x": 400,
      "y": 7,
      "layers": {
        "default": []
      },
      "recolor_palette": "red"
    },
    "Battery": {
      "x": 346,
      "y": 7,
      "layers": {
        "discharging":  [{ "image_path": "assets/statusbar/dashboard_battery_text.png",       "x": 4, "y": -2, "recolor_palette": "red" }],
        "charging_25":  [{ "image_path": "assets/statusbar/dashboard_battery_charge_25.png",  "x": 4, "y": -2, "recolor_palette": "red" }],
        "charging_50":  [{ "image_path": "assets/statusbar/dashboard_battery_charge_50.png",  "x": 4, "y": -2, "recolor_palette": "red" }],
        "charging_75":  [{ "image_path": "assets/statusbar/dashboard_battery_charge_75.png",  "x": 4, "y": -2, "recolor_palette": "red" }],
        "charging_100": [{ "image_path": "assets/statusbar/dashboard_battery_charge_100.png", "x": 4, "y": -2, "recolor_palette": "red" }],
        "charged":      [{ "image_path": "assets/statusbar/dashboard_battery_full.png",       "x": 4, "y": -2, "recolor_palette": "red" }]
      }
    },
    "Volume": {
      "x": 317,
      "y": 5,
      "layers": {
        "mute":   [{ "image_path": "assets/statusbar/mute.png", "x": 0, "y": 0, "recolor_palette": "red" }],
        "low":    [{ "image_path": "assets/statusbar/volume_low.png", "x": 0, "y": 0, "recolor_palette": "red" }],
        "medium": [{ "image_path": "assets/statusbar/volume_medium.png", "x": 0, "y": 0, "recolor_palette": "red" }],
        "high":   [{ "image_path": "assets/statusbar/volume_high.png", "x": 0, "y": 0, "recolor_palette": "red" }]
      }
    },
    "Brightness": {
      "x": 286,
      "y": 5,
      "layers": {
        "15": [{ "image_path": "assets/statusbar/dashboard_brightness_2.png", "recolor_palette": "red" }],
        "25": [{ "image_path": "assets/statusbar/dashboard_brightness_3.png", "recolor_palette": "red" }],
        "50": [{ "image_path": "assets/statusbar/dashboard_brightness_5.png", "recolor_palette": "red" }],
        "75": [{ "image_path": "assets/statusbar/dashboard_brightness_7.png", "recolor_palette": "red" }],
        "100": [{ "image_path": "assets/statusbar/dashboard_brightness_8.png", "recolor_palette": "red" }]
      }
    },
    "Vibrate": {
      "x": 251,
      "y": 5,
      "layers": {
        "on":  [{ "image_path": "assets/statusbar/vibrate.png", "x": 0, "y": 0, "recolor_palette": "red" }],
        "off": [{ "image_path": "assets/statusbar/vibrate.png", "x": 0, "y": 0, "recolor_palette": "gray" }]
      }
    },
    "GPS": {
      "x": 216,
      "y": 4,
      "layers": {
        "on":   [{ "image_path": "assets/statusbar/gps.png", "recolor_palette": "red" }],
        "off":  [{ "image_path": "assets/statusbar/gps.png", "recolor_palette": "gray" }]
      }
    }
  }
}
