{
  "screen_name": "settings_help_submenu",
  "status_bar": "default",
  "windowed_canvas": false,
  "cache_canvases": false,
  "button_map": {
    "a": "select",
    "b": "back",
    "up": "previous",
    "down": "next",
    "left": "back",
    "right": "noop"
  },
  "background": {
    "layers": [
      { "image_path": "assets/settings_bg.png", "x": 0, "y": 0 },
      { "image_path": "assets/divright.png", "x": 140, "y": 50 },
      { "text": "Clock", "x": 10, "y": 50,  "text_color_palette": "gray" },
      { "text": "GPS",       "x": 10, "y": 85,  "text_color_palette": "gray" },
      { "text": "Updates",   "x": 10, "y": 120, "text_color_palette": "gray" },
      { "text": "Help",      "x": 10, "y": 155, "text_color_palette": "gray" },
      { "text": "About",     "x": 10, "y": 190, "text_color_palette": "yellow" }
    ]
  },
  "pages": [
    {
      "page_index": 0,
      "menu_items": [
        {
          "id": "Uptime",
          "x":170,
          "y":50,
          "layers": [
            { "text": "Uptime:", "text_color_palette": "yellow" },
            { "variable_name": "$_UPTIME", "x": 120, "string_template":
              { "text_size": "medium",
                "text_color_palette": "red",
                "max_chars": 12,
                "wrap_text": false,
                "max_lines": 1
              }
            }
          ],
          "selected_layers": [
            { "text": "Uptime:", "text_color_palette": "yellow" },
            { "variable_name": "$_UPTIME", "x": 120, "string_template":
              { "text_size": "medium",
                "text_color_palette": "red",
                "max_chars": 12,
                "wrap_text": false,
                "max_lines": 1
              }
            }
          ],
          "target": "developer_menu",
          "button_map": {
            "a": "select",
            "b": "back",
            "up": "goto Loot",
            "down": "goto Loot",
            "left": "back",
            "right": "noop"
          }
        },
        {
          "id": "Battery",
          "x":170,
          "y":85,
          "layers": [
            { "text": "Battery:", "text_color_palette": "yellow" },
            { "variable_name": "$_BATTERY_INFO", "x": 110, "string_template":
              { "text_size": "medium",
                "text_color_palette": "red",
                "max_chars": 16,
                "wrap_text": false,
                "max_lines": 1
              }
            }
          ],
          "selected_layers": [
            { "text": "Battery:", "text_color_palette": "yellow" },
            { "variable_name": "$_BATTERY_INFO", "x": 110, "string_template":
              { "text_size": "medium",
                "text_color_palette": "red",
                "max_chars": 16,
                "wrap_text": false,
                "max_lines": 1
              }
            }
          ]
        },
        {
          "id": "Temperature",
          "x":170,
          "y":120,
          "layers": [
            { "text": "Temperature:", "text_color_palette": "yellow" },
            { "variable_name": "$_TEMP", "x": 180, "string_template":
              { "text_size": "medium",
                "text_color_palette": "red",
                "max_chars": 12,
                "wrap_text": false,
                "max_lines": 1
              }
            }
          ],
          "selected_layers": [
            { "text": "Temperature:", "text_color_palette": "yellow" },
            { "variable_name": "$_TEMP", "x": 180, "string_template":
              { "text_size": "medium",
                "text_color_palette": "red",
                "max_chars": 12,
                "wrap_text": false,
                "max_lines": 1
              }
            }
          ]
        },
        {
          "id": "Disk Space",
          "x":170,
          "y":155,
          "layers": [
            { "text": "Free Disk Space:", "text_color_palette": "yellow" },
            { "variable_name": "$_STORAGE", "x": 215, "string_template":
              { "text_size": "medium",
                "text_color_palette": "red",
                "max_chars": 12,
                "wrap_text": false,
                "max_lines": 1
              }
            }
          ],
          "selected_layers": [
            { "text": "Free Disk Space:", "text_color_palette": "yellow" },
            { "variable_name": "$_STORAGE", "x": 215, "string_template":
              { "text_size": "medium",
                "text_color_palette": "red",
                "max_chars": 12,
                "wrap_text": false,
                "max_lines": 1
              }
            }
          ]
        },
        {
          "id": "wlan0cli IP",
          "x":170,
          "y":190,
          "layers": [
            { "text": "WAN IP:", "text_color_palette": "yellow" },
            { "variable_name": "$_WLAN0CLI_IP", "x": 100, "string_template":
              { "text_size": "medium",
                "text_color_palette": "red",
                "max_chars": 17,
                "wrap_text": false,
                "max_lines": 1
              }
            },
            { "image_path": "assets/down.png", "x": -20, "y": 10, "recolor_palette": "gray"}
          ],
          "selected_layers": [
            { "text": "WAN IP:", "text_color_palette": "yellow" },
            { "variable_name": "$_WLAN0CLI_IP", "x": 100, "string_template":
              { "text_size": "medium",
                "text_color_palette": "red",
                "max_chars": 17,
                "wrap_text": false,
                "max_lines": 1
              }
            },
            { "image_path": "assets/down.png", "x": -20, "y": 10, "recolor_palette": "gray"}
          ]
        }
      ]
    },
    {
      "page_index": 1,
      "menu_items": [
        {
          "id": "Loot",
          "x":170,
          "y":50,
          "layers": [
            { "text": "Loot:", "text_color_palette": "yellow" },
            { "variable_name": "$_LOOT", "x": 80, "string_template":
              { "text_size": "medium",
                "text_color_palette": "red",
                "max_chars": 12,
                "wrap_text": false,
                "max_lines": 1
              }
            },
            { "image_path": "assets/up.png", "x": -20, "y": -4, "recolor_palette": "gray"}
          ],
          "selected_layers": [
            { "text": "Loot:", "text_color_palette": "yellow" },
            { "variable_name": "$_LOOT", "x": 80, "string_template":
              { "text_size": "medium",
                "text_color_palette": "red",
                "max_chars": 12,
                "wrap_text": false,
                "max_lines": 1
              }
            },
            { "image_path": "assets/up.png", "x": -20, "y": -4, "recolor_palette": "gray"}
          ],
          "button_map": {
            "a": "select",
            "b": "back",
            "up": "goto Uptime",
            "down": "goto Uptime",
            "left": "back",
            "right": "noop"
          }
        },
        {
          "id": "Packages",
          "x":170,
          "y":85,
          "layers": [
            { "text": "Packages:", "text_color_palette": "yellow" },
            { "variable_name": "$_PACKAGES", "x": 120, "string_template":
              {
                "text_size": "medium",
                "text_color_palette": "red",
                "max_chars": 12,
                "wrap_text": false,
                "max_lines": 1
              }
            }
          ],
          "selected_layers": [
            { "text": "Packages:", "text_color_palette": "yellow" },
            { "variable_name": "$_PACKAGES", "x": 120,  "string_template":
              { "text_size": "medium",
                "text_color_palette": "red",
                "max_chars": 12,
                "wrap_text": false,
                "max_lines": 1
              }
            }
          ]
        },
        {
          "id": "Handshakes",
          "x":170,
          "y":120,
          "layers": [
            { "text": "Handshakes:", "text_color_palette": "yellow" },
            { "variable_name": "$_HANDSHAKES", "x": 150, "string_template":
              { "text_size": "medium",
                "text_color_palette": "red",
                "max_chars": 12,
                "wrap_text": false,
                "max_lines": 1
              }
            }
          ],
          "selected_layers": [
            { "text": "Handshakes:", "text_color_palette": "yellow" },
            { "variable_name": "$_HANDSHAKES", "x": 150, "string_template":
              { "text_size": "medium",
                "text_color_palette": "red",
                "max_chars": 12,
                "wrap_text": false,
                "max_lines": 1
              }
            }
          ]
        }
      ]
    }
  ]

}






































