{
  "screen_name": "settings_datetime_submenu",
  "status_bar": "default",
  "windowed_canvas": false,
  "cache_canvases": false,
  "button_map": {
    "a": "select",
    "b": "back",
    "up": "previous",
    "down": "next",
    "left": "back",
    "right": "noop"
  },
  "background": {
    "layers": [
      { "image_path": "assets/settings_bg.png", "x": 0, "y": 0 },
      { "image_path": "assets/divright.png", "x": 140, "y": 50 "text_color_palette": "red" },
      { "text": "Clock", "x": 10, "y": 50,  "text_color_palette": "yellow" },
      { "text": "GPS",       "x": 10, "y": 85,  "text_color_palette": "gray" },
      { "text": "Updates",   "x": 10, "y": 120, "text_color_palette": "gray" },
      { "text": "Help",      "x": 10, "y": 155, "text_color_palette": "gray" },
      { "text": "About",     "x": 10, "y": 190, "text_color_palette": "gray" }
    ]
  },
  "pages": [
    {
      "page_index": 0,
      "menu_items": [
        {
          "id": "Date/Time",
          "x":170,
          "y":50,
          "unselectable": true,
          "layers": [
            { "variable_name": "$_DATETIME", "string_template":
              { "text_size": "medium",
                "text_color_palette": "red",
                "max_chars": 24,
                "wrap_text": false,
                "max_lines": 1
              }
            }
          ]
        },
        {
          "id": "Timezone",
          "x":170,
          "y":85,
          "layers": [
            { "image_path": "assets/menu.png" },
            { "text": "Timezone", "x": 40, "text_color_palette": "red" }
          ],
          "selected_layers": [
            { "image_path": "assets/menu.png" },
            { "text": "Timezone", "x": 40, "text_color_palette": "yellow" }
          ],
          "target": "option_dialog",
          "variable": "$_TIMEZONE"
        },
        {
          "id": "Year",
          "x":170,
          "y":120,
          "layers": [
            { "image_path": "assets/keyboard.png" },
            { "text": "Year", "x": 40, "text_color_palette": "red" }
          ],
          "selected_layers": [
            { "image_path": "assets/keyboard.png" },
            { "text": "Year", "x": 40, "text_color_palette": "yellow" }
          ],
          "target": "edit_number_dialog",
          "variable": "$_YEAR"
        },
        {
          "id": "Month",
          "x":170,
          "y":155,
          "layers": [
            { "image_path": "assets/keyboard.png" },
            { "text": "Month", "x": 40, "text_color_palette": "red" }
          ],
          "selected_layers": [
            { "image_path": "assets/keyboard.png" },
            { "text": "Month", "x": 40, "text_color_palette": "yellow" }
          ],
          "target": "edit_number_dialog",
          "variable": "$_MONTH"
        },
        {
          "id": "Day",
          "x":170,
          "y":190,
          "layers": [
            { "image_path": "assets/keyboard.png" },
            { "text": "Day", "x": 40, "text_color_palette": "red" },
            { "image_path": "assets/down.png", "x": -20, "y": 10, "recolor_palette": "gray"}
          ],
          "selected_layers": [
            { "image_path": "assets/keyboard.png" },
            { "text": "Day", "x": 40, "text_color_palette": "yellow" },
            { "image_path": "assets/down.png", "x": -20, "y": 10, "recolor_palette": "gray"}
          ],
          "target": "edit_number_dialog",
          "variable": "$_DAY"
        }
      ]
    },
    {
      "page_index": 1,
      "menu_items": [
        {
          "id": "Hour",
          "x":170,
          "y":50,
          "layers": [
            { "image_path": "assets/keyboard.png" },
            { "text": "Hour", "x": 40, "text_color_palette": "red" },
            { "image_path": "assets/up.png", "x": -20, "y": -4, "recolor_palette": "gray"}
          ],
          "selected_layers": [
            { "image_path": "assets/keyboard.png" },
            { "text": "Hour", "x": 40, "text_color_palette": "yellow" },
            { "image_path": "assets/up.png", "x": -20, "y": -4, "recolor_palette": "gray"}
          ],
          "target": "edit_number_dialog",
          "variable": "$_HOUR"
        },
        {
          "id": "Minute",
          "x":170,
          "y":85,
          "layers": [
            { "image_path": "assets/keyboard.png" },
            { "text": "Minute", "x": 40, "text_color_palette": "red" }
          ],
          "selected_layers": [
            { "image_path": "assets/keyboard.png" },
            { "text": "Minute", "x": 40, "text_color_palette": "yellow" }
          ],
          "target": "edit_number_dialog",
          "variable": "$_MINUTE"
        },
        {
          "id": "Second",
          "x":170,
          "y":120,
          "layers": [
            { "image_path": "assets/keyboard.png" },
            { "text": "Second", "x": 40, "text_color_palette": "red" }
          ],
          "selected_layers": [
            { "image_path": "assets/keyboard.png" },
            { "text": "Second", "x": 40, "text_color_palette": "yellow" }
          ],
          "target": "edit_number_dialog",
          "variable": "$_SECOND"
        }
      ]
    }
  ]
}










































