{
  "screen_name": "settings_help_submenu",
  "status_bar": "default",
  "windowed_canvas": false,
  "cache_canvases": false,
  "button_map": {
    "a": "select",
    "b": "back",
    "up": "previous",
    "down": "next",
    "left": "back",
    "right": "noop"
  },
  "background": {
    "layers": [
      { "image_path": "assets/settings_bg.png", "x": 0, "y": 0 },
      { "image_path": "assets/divright.png", "x": 140, "y": 50 },
      { "text": "Clock", "x": 10, "y": 50,  "text_color_palette": "gray" },
      { "text": "GPS",       "x": 10, "y": 85,  "text_color_palette": "gray" },
      { "text": "Updates",   "x": 10, "y": 120, "text_color_palette": "gray" },
      { "text": "Help",      "x": 10, "y": 155, "text_color_palette": "yellow" },
      { "text": "About",     "x": 10, "y": 190, "text_color_palette": "gray" }
    ]
  },
  "pages": [
    {
      "page_index": 0,
      "menu_items": [
        {
          "id": "Tutorial",
          "x":170,
          "y":50,
          "layers": [
            { "image_path": "assets/wizard.png" },
            { "text": "Tutorial", "x": 40, "text_color_palette": "red" }
          ],
          "selected_layers": [
            { "image_path": "assets/wizard.png" },
            { "text": "Tutorial", "x": 40, "text_color_palette": "yellow" }
          ],
          "target": "tutorial"
        },
        {
          "id": "Regulatory",
          "x":170,
          "y":85,
          "layers": [
            { "image_path": "assets/info.png" },
            { "text": "FCC ID: 2A52Y-MK1", "x": 40, "text_color_palette": "red" }
          ],
          "selected_layers": [
            { "image_path": "assets/info.png" },
            { "text": "FCC ID: 2A52Y-MK1", "x": 40, "text_color_palette": "yellow" }
          ],
          "target": "regulatory"
        },
        {
          "id": "License Agreement",
          "x":170,
          "y":120,
          "layers": [
            { "image_path": "assets/info.png" },
            { "text": "License Agreement", "x": 40, "text_color_palette": "red" }
          ],
          "selected_layers": [
            { "image_path": "assets/info.png" },
            { "text": "License Agreement", "x": 40, "text_color_palette": "yellow" }
          ],
          "target": "license_dialog"
        },
        {
          "id": "Open Source Licenses",
          "x":170,
          "y":155,
          "layers": [
            { "image_path": "assets/info.png" },
            { "text": "Open Source Licenses", "x": 40, "text_color_palette": "red" }
          ],
          "selected_layers": [
            { "image_path": "assets/info.png" },
            { "text": "Open Source Licenses", "x": 40, "text_color_palette": "yellow" }
          ],
          "target": "os_licenses"
        },
        {
          "id": "Help",
          "x":170,
          "y":190,
          "layers": [
            { "image_path": "assets/info.png" },
            { "text": "Help", "x": 40, "text_color_palette": "red" }
          ],
          "selected_layers": [
            { "image_path": "assets/info.png" },
            { "text": "Help", "x": 40, "text_color_palette": "yellow" }
          ],
          "target": "help_dialog"
        }
      ]
    }
  ]

}